{"cameraMode":{"drawMode":0,"name":"Shaded","section":"Shading Mode"},"sceneLighting":true,"audioPlay":false,"sceneViewState":{"showFog":true,"showMaterialUpdate":false,"showSkybox":true,"showFlares":true,"showImageEffects":true,"showParticleSystems":true},"in2DMode":false,"pivot":{"x":-6.569515228271484,"y":-0.47674560546875,"z":13.585004806518555},"rotation":{"x":-0.30279234051704409,"y":0.5567674040794373,"z":-0.22808770835399629,"w":-0.7391235828399658},"size":41.0983772277832,"orthographic":false}